<?xml version="1.0" encoding="utf-8"?>
<demos><!--This is an autogenerated file, please do not modify-->
   <name>CF TOOLBOX</name>
   <type>toolbox</type>
   <icon>HelpIcon.DEMOS</icon>
   <website/>
   <description>CF TOOLBOX (The Characteristic Functions Toolbox) consists of a set of algorithms for evaluating selected characteristic functions and algorithms for numerical inversion of the (combined and/or compound) characteristic functions, used to evaluate the probability density function (PDF) and the cumulative distribution function (CDF). The inversion algorithms are based on using simple trapezoidal rule for computing the integrals defined by the Gil-Pelaez formulae, and/or by using the FFT algorithm for computing the Fourier transform integrals.</description>
   <demosection>
      <label>Matlab</label>
      <demoitem>
         <label>EXAMPLE_00_INVERSION</label>
         <type>other</type>
         <source>EXAMPLE_00_INVERSION</source>
         <file>html/EXAMPLE_00_INVERSION.html</file>
      </demoitem>
      <demoitem>
         <label>EXAMPLE_01_SYMMETRIC</label>
         <type>other</type>
         <source>EXAMPLE_01_SYMMETRIC</source>
         <file>html/EXAMPLE_01_SYMMETRIC.html</file>
      </demoitem>
      <demoitem>
         <label>EXAMPLE_02_DISCRETE</label>
         <type>other</type>
         <source>EXAMPLE_02_DISCRETE</source>
         <file>html/EXAMPLE_02_DISCRETE.html</file>
      </demoitem>
      <demoitem>
         <label>EXAMPLE_03_NONNEGATIVE</label>
         <type>other</type>
         <source>EXAMPLE_03_NONNEGATIVE</source>
         <file>html/EXAMPLE_03_NONNEGATIVE.html</file>
      </demoitem>
      <demoitem>
         <label>EXAMPLE_04_EMPIRICAL</label>
         <type>other</type>
         <source>EXAMPLE_04_EMPIRICAL</source>
         <file>html/EXAMPLE_04_EMPIRICAL.html</file>
      </demoitem>
      <demoitem>
         <label>EXAMPLE_05_CIRCULAR</label>
         <type>other</type>
         <source>EXAMPLE_05_CIRCULAR</source>
         <file>html/EXAMPLE_05_CIRCULAR.html</file>
      </demoitem>
      <demoitem>
         <label>EXAMPLE_06_CRM</label>
         <type>other</type>
         <source>EXAMPLE_06_CRM</source>
         <file>html/EXAMPLE_06_CRM.html</file>
      </demoitem>
      <demoitem>
         <label>EXAMPLE_07_CRM_DanishFireData</label>
         <type>other</type>
         <source>EXAMPLE_07_CRM_DanishFireData</source>
         <file>html/EXAMPLE_07_CRM_DanishFireData.html</file>
      </demoitem>
   </demosection>
</demos>